Redirect from,Redirect to
/flavors/vanilla,/products/shroome-vanilla
/flavors/strawberry,/products/shroome-strawberry
/vanilla,/products/shroome-vanilla
/matcha,/
/founders,/pages/founders
/founders/checkout,/pages/founders
/founders/success,/pages/founders
/faq,/pages/faq
/contact,/pages/contact
/refer,/pages/refer
/welcome,/pages/welcome
/terms,/policies/terms-of-service
/privacy,/policies/privacy-policy
/unsubscribe,/pages/unsubscribe
/dashboard,/
/blog,/blogs/journal
/blog/shroome-launches-9-matcha-recipes,/blogs/journal/shroome-launches-9-matcha-recipes
/blog/matcha-recipes-under-60-seconds,/blogs/journal/matcha-recipes-under-60-seconds
/blog/matcha-vs-coffee-gen-z-switch,/blogs/journal/matcha-vs-coffee-gen-z-switch
/blog/ultimate-guide-mushroom-matcha-lions-mane-reishi,/blogs/journal/ultimate-guide-mushroom-matcha-lions-mane-reishi
/blog/what-are-beta-glucans-mushroom-compound,/blogs/journal/what-are-beta-glucans-mushroom-compound
/blog/ceremonial-vs-culinary-matcha-grade-matters,/blogs/journal/ceremonial-vs-culinary-matcha-grade-matters
/blog/replace-morning-coffee-without-crash,/blogs/journal/replace-morning-coffee-without-crash
/blog/collagen-in-morning-drink-research,/blogs/journal/collagen-in-morning-drink-research
/blog/fruiting-body-vs-mycelium-mushroom-supplement,/blogs/journal/fruiting-body-vs-mycelium-mushroom-supplement
/blog/caffeine-l-theanine-nootropic-stack,/blogs/journal/caffeine-l-theanine-nootropic-stack
/blog/what-is-ceremonial-grade-matcha,/blogs/journal/what-is-ceremonial-grade-matcha
/blog/best-matcha-latte-delivery,/blogs/journal/best-matcha-latte-delivery
/blog/matcha-vs-pre-workout,/blogs/journal/matcha-vs-pre-workout
/blog/morning-routine-stack-matcha-mushrooms-collagen,/blogs/journal/morning-routine-stack-matcha-mushrooms-collagen
/blog/what-are-adaptogens-functional-mushrooms-guide,/blogs/journal/what-are-adaptogens-functional-mushrooms-guide
/blog/collagen-matcha-benefits,/blogs/journal/collagen-matcha-benefits
/blog/morning-routine-with-matcha,/blogs/journal/morning-routine-with-matcha
/blog/what-is-ceremonial-grade-matcha-complete-guide,/blogs/journal/what-is-ceremonial-grade-matcha-complete-guide
/blog/lions-mane-mushroom-benefits-research,/blogs/journal/lions-mane-mushroom-benefits-research
/blog/l-theanine-caffeine-science-matcha-calm-energy,/blogs/journal/l-theanine-caffeine-science-matcha-calm-energy
/blog/collagen-peptides-explained-types-benefits-science,/blogs/journal/collagen-peptides-explained-types-benefits-science
/blog/beta-glucans-mushroom-supplements-guide,/blogs/journal/beta-glucans-mushroom-supplements-guide
/blog/is-matcha-better-than-coffee-30-day-experiment,/blogs/journal/is-matcha-better-than-coffee-30-day-experiment
/blog/how-much-caffeine-in-matcha,/blogs/journal/how-much-caffeine-in-matcha
/blog/can-you-drink-matcha-every-day,/blogs/journal/can-you-drink-matcha-every-day
/blog/what-does-matcha-taste-like,/blogs/journal/what-does-matcha-taste-like
/blog/mushroom-coffee-vs-matcha-functional-drinks,/blogs/journal/mushroom-coffee-vs-matcha-functional-drinks
/recipes,/blogs/recipes
/recipes/classic-iced-matcha-latte,/blogs/recipes/classic-iced-matcha-latte
/recipes/vanilla-matcha-smoothie,/blogs/recipes/vanilla-matcha-smoothie
/recipes/strawberry-rose-matcha-latte,/blogs/recipes/strawberry-rose-matcha-latte
/recipes/matcha-affogato,/blogs/recipes/matcha-affogato
/recipes/protein-matcha-shake,/blogs/recipes/protein-matcha-shake
/recipes/hot-matcha-latte,/blogs/recipes/hot-matcha-latte
/recipes/light-matcha-agua-fresca,/blogs/recipes/light-matcha-agua-fresca
/recipes/coconut-water-matcha,/blogs/recipes/coconut-water-matcha
/recipes/sparkling-matcha,/blogs/recipes/sparkling-matcha
